method,parameters,psnr_db,ssim,runtime_seconds
Mean,kernel=3,35.105160733452,0.9415846922933622,0.0003221400002075825
Mean,kernel=5,29.262182199758207,0.8961906426043457,9.75419989117654e-05
Mean,kernel=7,25.707271929089607,0.8229708392163034,0.0001631739996810211
Gaussian,"kernel=3, sigma=0.5",37.62114607294975,0.9291971032079605,0.0009213539997290354
Gaussian,"kernel=3, sigma=1.0",36.12046153775172,0.9422016522586659,0.00014022100003785454
Gaussian,"kernel=5, sigma=0.5",37.62114607294975,0.9291971032079605,0.00017261499851883855
Gaussian,"kernel=5, sigma=1.0",34.10424501687039,0.939738558149792,0.00014724199900228996
Gaussian,"kernel=5, sigma=1.5",31.50789285585192,0.9240007063088153,0.00014791200010222383
Gaussian,"kernel=7, sigma=1.0",33.82287306525762,0.9387888435325503,0.00019980799879704136
Gaussian,"kernel=7, sigma=1.5",30.059163344089693,0.9098876740424374,0.0001986619990930194
AdaptiveMedian,max_window=3,37.483792758297625,0.9241998875525947,0.003446952001468162
AdaptiveMedian,max_window=5,36.768229255154004,0.9242238279698204,0.004093915998964803
AdaptiveMedian,max_window=7,36.60053289365634,0.9241173346094574,0.010586194999632426
NLM,h=1,36.91323850710229,0.9103196667019862,0.07853077799882158
NLM,h=2,37.44668821504031,0.9275656560514625,0.07883418799974606
NLM,h=3,38.4544568780593,0.9454481080273547,0.0789916820012877
NLM,h=4,39.25183674237113,0.9526887449674294,0.07970508499965945
NLM,h=5,39.41809780680351,0.9511730888214917,0.0872947980005847
NLM,h=7,38.607624111077044,0.9390792117899314,0.0830023689995869
NLM,h=10,36.94771692130085,0.9185604848355936,0.08217193699965719
NLM,h=15,34.884676643734764,0.8922968156661619,0.09175730499919155
Wavelet,"wavelet=db1, level=2, threshold=1",37.55531704283386,0.9242584597956711,0.005728658999942127
Wavelet,"wavelet=db1, level=2, threshold=2",37.859894623127644,0.9324399891810856,0.005734805001338827
Wavelet,"wavelet=db1, level=2, threshold=3",37.868521613083445,0.9361565594470082,0.005945781998889288
Wavelet,"wavelet=db1, level=2, threshold=4",37.668326142386526,0.9369071965485621,0.005850277000718052
Wavelet,"wavelet=db1, level=2, threshold=5",37.34612634716916,0.9359790864544166,0.005732129999159952
Wavelet,"wavelet=db1, level=2, threshold=8",36.12892393496051,0.9282654170471156,0.005232892999629257
Wavelet,"wavelet=db1, level=2, threshold=10",35.343095828711654,0.9218137765423365,0.005447588999231812
Wavelet,"wavelet=db1, level=2, threshold=15",33.713031827895996,0.9070841924034796,0.00531580499955453
Wavelet,"wavelet=db1, level=2, threshold=20",32.45805811763682,0.8949369038470693,0.005545178000829765
